"RBP","experiment","exp_count","control","ctrl_count","exp_name","ctrl_name"
"AARS","AARS_strand-specific_ENCFF502RSZ_ENCFF692AEZ_f128_f32_+_peaks.bam",2019929,"ENCFF273HDK_strand-specific_f128_f32_+_peaks.bam",20807594,"AARS_eCLIP","AARS_control"
"AATF","AATF_strand-specific_ENCFF473EVT_ENCFF645UGJ_f128_f32_+_peaks.bam",2115865,"ENCFF064UJY_strand-specific_f128_f32_+_peaks.bam",19297346,"AATF_eCLIP","AATF_control"
"ABCF1","ABCF1_strand-specific_ENCFF811EXB_ENCFF983ABI_f128_f32_+_peaks.bam",1039660,"ENCFF499MQV_strand-specific_f128_f32_+_peaks.bam",5891730,"ABCF1_eCLIP","ABCF1_control"
"ADAT1","ADAT1_strand-specific-reverse_ENCFF863PXE_ENCFF409XLY_F16_+_peaks.bam",5613713,"ENCFF237CPS_strand-specific-reverse_ENCFF838PYM_strand-specific-reverse_F16_+_peaks.bam",11594974,"ADAT1_eCLIP","ADAT1_control"
"AGGF1","AGGF1_strand-specific_ENCFF604NYA_ENCFF251DMV_f128_f32_+_peaks.bam",8371263,"ENCFF132SLV_strand-specific_f128_f32_+_peaks.bam",17563550,"AGGF1_eCLIP","AGGF1_control"
"AKAP1","AKAP1_strand-specific_ENCFF016YOC_ENCFF710RUU_f128_f32_+_peaks.bam",2288463,"ENCFF091PQO_strand-specific_f128_f32_+_peaks.bam",8933254,"AKAP1_eCLIP","AKAP1_control"
"AKAP8L","AKAP8L_strand-specific_ENCFF941SIX_ENCFF143KCR_f128_f32_+_peaks.bam",7070179,"ENCFF013ZUT_strand-specific_f128_f32_+_peaks.bam",13607308,"AKAP8L_eCLIP","AKAP8L_control"
"APEX1","APEX1_strand-specific-reverse_ENCFF111VDP_ENCFF504OBG_F16_+_peaks.bam",1604525,"ENCFF216GUI_strand-specific-reverse_ENCFF599OGU_strand-specific-reverse_F16_+_peaks.bam",3811628,"APEX1_eCLIP","APEX1_control"
"APOBEC3C","APOBEC3C_strand-specific_ENCFF943EZJ_ENCFF284TAX_f128_f32_+_peaks.bam",2711191,"ENCFF854OMC_strand-specific_f128_f32_+_peaks.bam",4379138,"APOBEC3C_eCLIP","APOBEC3C_control"
"AQR","AQR_strand-specific_ENCFF374DAW_ENCFF436KLO_f128_f32_+_peaks.bam",5676588,"ENCFF899ROO_strand-specific_f128_f32_+_peaks.bam",15998062,"AQR_eCLIP","AQR_control"
"BUD13","BUD13_strand-specific_ENCFF563BNB_ENCFF086LQG_f128_f32_+_peaks.bam",17177602,"ENCFF102FKE_strand-specific_f128_f32_+_peaks.bam",18200388,"BUD13_eCLIP","BUD13_control"
"CPEB4","CPEB4_strand-specific_ENCFF216ENA_ENCFF038VZO_f128_f32_+_peaks.bam",1794616,"ENCFF790WEA_strand-specific_f128_f32_+_peaks.bam",8286924,"CPEB4_eCLIP","CPEB4_control"
"CPSF6","CPSF6_strand-specific_ENCFF751GZQ_ENCFF550ZSZ_f128_f32_+_peaks.bam",4506747,"ENCFF842FFD_strand-specific_f128_f32_+_peaks.bam",5633298,"CPSF6_eCLIP","CPSF6_control"
"CSTF2T","CSTF2T_strand-specific_ENCFF859CZM_ENCFF513VDW_f128_f32_+_peaks.bam",11491169,"ENCFF234QSA_strand-specific_f128_f32_+_peaks.bam",10476896,"CSTF2T_eCLIP","CSTF2T_control"
"DDX1","DDX1_strand-specific-reverse_ENCFF184QVM_ENCFF484APP_F16_+_peaks.bam",6477621,"ENCFF469LIC_strand-specific-reverse_ENCFF809EQN_strand-specific-reverse_F16_+_peaks.bam",6577850,"DDX1_eCLIP","DDX1_control"
"DDX21","DDX21_strand-specific_ENCFF455REV_ENCFF655QSG_f128_f32_+_peaks.bam",2361850,"ENCFF212EDY_strand-specific_f128_f32_+_peaks.bam",6787406,"DDX21_eCLIP","DDX21_control"
"DDX24","DDX24_strand-specific_ENCFF768FYI_ENCFF023VLF_f128_f32_+_peaks.bam",4037268,"ENCFF407HUR_strand-specific_f128_f32_+_peaks.bam",15540588,"DDX24_eCLIP","DDX24_control"
"DDX3X","DDX3X_strand-specific_ENCFF969SMQ_ENCFF343OME_f128_f32_+_peaks.bam",5180477,"ENCFF057VZS_strand-specific_f128_f32_+_peaks.bam",10881440,"DDX3X_eCLIP","DDX3X_control"
"DDX42","DDX42_strand-specific_ENCFF220NDA_ENCFF106FPU_f128_f32_+_peaks.bam",3350406,"ENCFF378IEN_strand-specific_f128_f32_+_peaks.bam",9207904,"DDX42_eCLIP","DDX42_control"
"DDX43","DDX43_strand-specific-reverse_ENCFF006VBB_ENCFF781FNG_F16_+_peaks.bam",10939305,"ENCFF280KEZ_strand-specific-reverse_ENCFF730DCR_strand-specific-reverse_F16_+_peaks.bam",7364414,"DDX43_eCLIP","DDX43_control"
"DDX47","DDX47_strand-specific-reverse_ENCFF782BXA_ENCFF433TOE_F16_+_peaks.bam",2468504,"ENCFF655QAC_strand-specific-reverse_ENCFF858EZY_strand-specific-reverse_F16_+_peaks.bam",3194336,"DDX47_eCLIP","DDX47_control"
"DDX51","DDX51_strand-specific_ENCFF931ZGZ_ENCFF486XDM_f128_f32_+_peaks.bam",2603385,"ENCFF224JPZ_strand-specific_f128_f32_+_peaks.bam",13818222,"DDX51_eCLIP","DDX51_control"
"DDX52","DDX52_strand-specific_ENCFF529NNX_ENCFF729XQQ_f128_f32_+_peaks.bam",4566335,"ENCFF953PIV_strand-specific_f128_f32_+_peaks.bam",17303448,"DDX52_eCLIP","DDX52_control"
"DDX55","DDX55_strand-specific_ENCFF162LAM_ENCFF553EAL_f128_f32_+_peaks.bam",4929987,"ENCFF252ZZN_strand-specific_f128_f32_+_peaks.bam",12121050,"DDX55_eCLIP","DDX55_control"
"DDX6","DDX6_strand-specific_ENCFF515CUN_ENCFF242MDU_f128_f32_+_peaks.bam",3053479,"ENCFF593SPI_strand-specific_f128_f32_+_peaks.bam",11796366,"DDX6_eCLIP","DDX6_control"
"DGCR8","DGCR8_strand-specific_ENCFF843HDQ_ENCFF023RGT_f128_f32_+_peaks.bam",4333418,"ENCFF379FKC_strand-specific_f128_f32_+_peaks.bam",6516202,"DGCR8_eCLIP","DGCR8_control"
"DHX30","DHX30_strand-specific_ENCFF845MNN_ENCFF445FRC_f128_f32_+_peaks.bam",3378797,"ENCFF703NSH_strand-specific_f128_f32_+_peaks.bam",21936392,"DHX30_eCLIP","DHX30_control"
"DROSHA","DROSHA_strand-specific_ENCFF773TEA_ENCFF233UZH_f128_f32_+_peaks.bam",4189597,"ENCFF826DXS_strand-specific_f128_f32_+_peaks.bam",27635010,"DROSHA_eCLIP","DROSHA_control"
"EEF2","EEF2_strand-specific-reverse_ENCFF641FYU_ENCFF590IGQ_F16_+_peaks.bam",1882788,"ENCFF130MAI_strand-specific-reverse_ENCFF756QRD_strand-specific-reverse_F16_+_peaks.bam",7749980,"EEF2_eCLIP","EEF2_control"
"EFTUD2","EFTUD2_strand-specific_ENCFF187FER_ENCFF703QKL_f128_f32_+_peaks.bam",4779780,"ENCFF640KTQ_strand-specific_f128_f32_+_peaks.bam",16559098,"EFTUD2_eCLIP","EFTUD2_control"
"EIF3G","EIF3G_strand-specific_ENCFF724QGF_ENCFF605PZM_f128_f32_+_peaks.bam",1170172,"ENCFF759JDI_strand-specific_f128_f32_+_peaks.bam",2666166,"EIF3G_eCLIP","EIF3G_control"
"EIF4E","EIF4E_strand-specific-reverse_ENCFF967PSC_ENCFF748VHF_F16_+_peaks.bam",2128070,"ENCFF568VFK_strand-specific-reverse_ENCFF717CGC_strand-specific-reverse_F16_+_peaks.bam",5033183,"EIF4E_eCLIP","EIF4E_control"
"EIF4G2","EIF4G2_strand-specific_ENCFF996PFW_ENCFF626NQT_f128_f32_+_peaks.bam",3523608,"ENCFF956SAT_strand-specific_f128_f32_+_peaks.bam",8031506,"EIF4G2_eCLIP","EIF4G2_control"
"ELAC2","ELAC2_strand-specific-reverse_ENCFF871ZNQ_ENCFF121HUI_F16_+_peaks.bam",14815559,"ENCFF163KLQ_strand-specific-reverse_ENCFF920UJU_strand-specific-reverse_F16_+_peaks.bam",11215354,"ELAC2_eCLIP","ELAC2_control"
"ELAVL1","ELAVL1_strand-specific-reverse_ENCFF085ZSE_ENCFF245TBA_F16_+_peaks.bam",21658660,"ENCFF162XUI_strand-specific-reverse_ENCFF604KNU_strand-specific-reverse_F16_+_peaks.bam",6502059,"ELAVL1_eCLIP","ELAVL1_control"
"EWSR1","EWSR1_strand-specific_ENCFF842YPC_ENCFF975NJX_f128_f32_+_peaks.bam",6721025,"ENCFF810PWF_strand-specific_f128_f32_+_peaks.bam",8268998,"EWSR1_eCLIP","EWSR1_control"
"EXOSC10","EXOSC10_strand-specific-reverse_ENCFF338WDB_ENCFF267USI_F16_+_peaks.bam",3992692,"ENCFF020RMT_strand-specific-reverse_ENCFF650HUV_strand-specific-reverse_F16_+_peaks.bam",6639046,"EXOSC10_eCLIP","EXOSC10_control"
"EXOSC5","EXOSC5_strand-specific_ENCFF344ZBI_ENCFF925JID_f128_f32_+_peaks.bam",7312234,"ENCFF332UNI_strand-specific_f128_f32_+_peaks.bam",9003550,"EXOSC5_eCLIP","EXOSC5_control"
"FAM120A","FAM120A_strand-specific_ENCFF184QYU_ENCFF499ZKI_f128_f32_+_peaks.bam",4970367,"ENCFF948CVQ_strand-specific_f128_f32_+_peaks.bam",10196598,"FAM120A_eCLIP","FAM120A_control"
"FASTKD2","FASTKD2_strand-specific_ENCFF769KHB_ENCFF278SLD_f128_f32_+_peaks.bam",4053260,"ENCFF367FDD_strand-specific_f128_f32_+_peaks.bam",23470564,"FASTKD2_eCLIP","FASTKD2_control"
"FMR1","FMR1_strand-specific-reverse_ENCFF116JQY_ENCFF060SQN_F16_+_peaks.bam",3158841,"ENCFF730RDB_strand-specific-reverse_ENCFF862NOB_strand-specific-reverse_F16_+_peaks.bam",2408038,"FMR1_eCLIP","FMR1_control"
"FTO","FTO_strand-specific_ENCFF462TDG_ENCFF666GWV_f128_f32_+_peaks.bam",5091301,"ENCFF506OAM_strand-specific_f128_f32_+_peaks.bam",12034546,"FTO_eCLIP","FTO_control"
"FUS","FUS_strand-specific_ENCFF210ZRQ_ENCFF341YQM_f128_f32_+_peaks.bam",22875407,"ENCFF447LJU_strand-specific_f128_f32_+_peaks.bam",8385282,"FUS_eCLIP","FUS_control"
"FXR1","FXR1_strand-specific-reverse_ENCFF269EKI_ENCFF212YVC_F16_+_peaks.bam",2302216,"ENCFF066WHM_strand-specific-reverse_ENCFF111AQC_strand-specific-reverse_F16_+_peaks.bam",4821517,"FXR1_eCLIP","FXR1_control"
"FXR2","FXR2_strand-specific-reverse_ENCFF301ANL_ENCFF272ZMQ_F16_+_peaks.bam",3276384,"ENCFF909PYJ_strand-specific-reverse_ENCFF970KWZ_strand-specific-reverse_F16_+_peaks.bam",8024028,"FXR2_eCLIP","FXR2_control"
"GARS","GARS_strand-specific-reverse_ENCFF548HWJ_ENCFF852FHN_F16_+_peaks.bam",1298285,"ENCFF327VVV_strand-specific-reverse_ENCFF807OEK_strand-specific-reverse_F16_+_peaks.bam",3463460,"GARS_eCLIP","GARS_control"
"GEMIN5","GEMIN5_strand-specific_ENCFF091VCD_ENCFF072KEM_f128_f32_+_peaks.bam",4046233,"ENCFF945AUF_strand-specific_f128_f32_+_peaks.bam",29852472,"GEMIN5_eCLIP","GEMIN5_control"
"GNL3","GNL3_strand-specific_ENCFF484XJQ_ENCFF372XJQ_f128_f32_+_peaks.bam",1550822,"ENCFF651VHA_strand-specific_f128_f32_+_peaks.bam",12912642,"GNL3_eCLIP","GNL3_control"
"GPKOW","GPKOW_strand-specific_ENCFF739BZK_ENCFF966HIC_f128_f32_+_peaks.bam",4036768,"ENCFF333OLY_strand-specific_f128_f32_+_peaks.bam",17547154,"GPKOW_eCLIP","GPKOW_control"
"GRWD1","GRWD1_strand-specific_ENCFF330PVJ_ENCFF217MRO_f128_f32_+_peaks.bam",8350638,"ENCFF727JVX_strand-specific_f128_f32_+_peaks.bam",5274178,"GRWD1_eCLIP","GRWD1_control"
"GTF2F1","GTF2F1_strand-specific_ENCFF864GYL_ENCFF985HWL_f128_f32_+_peaks.bam",5405360,"ENCFF471ZFP_strand-specific_f128_f32_+_peaks.bam",8776234,"GTF2F1_eCLIP","GTF2F1_control"
"HLTF","HLTF_strand-specific_ENCFF115CKY_ENCFF057MVG_f128_f32_+_peaks.bam",10879058,"ENCFF568BOI_strand-specific_f128_f32_+_peaks.bam",2942772,"HLTF_eCLIP","HLTF_control"
"HNRNPA1","HNRNPA1_strand-specific_ENCFF571IRN_ENCFF876SGL_f128_f32_+_peaks.bam",6082940,"ENCFF494XRE_strand-specific_f128_f32_+_peaks.bam",6106156,"HNRNPA1_eCLIP","HNRNPA1_control"
"HNRNPC","HNRNPC_strand-specific_ENCFF048BIQ_ENCFF935AZO_f128_f32_+_peaks.bam",13941217,"ENCFF824ZDF_strand-specific_f128_f32_+_peaks.bam",4411558,"HNRNPC_eCLIP","HNRNPC_control"
"HNRNPK","HNRNPK_strand-specific-reverse_ENCFF704FID_ENCFF570EJV_F16_+_peaks.bam",7985895,"ENCFF098EUZ_strand-specific-reverse_ENCFF571PWT_strand-specific-reverse_F16_+_peaks.bam",5914723,"HNRNPK_eCLIP","HNRNPK_control"
"HNRNPL","HNRNPL_strand-specific_ENCFF775AIE_ENCFF993XXG_f128_f32_+_peaks.bam",17389712,"ENCFF209EIX_strand-specific_f128_f32_+_peaks.bam",10541712,"HNRNPL_eCLIP","HNRNPL_control"
"HNRNPM","HNRNPM_strand-specific_ENCFF050PTL_ENCFF379LZD_f128_f32_+_peaks.bam",6634885,"ENCFF532ADX_strand-specific_f128_f32_+_peaks.bam",5392312,"HNRNPM_eCLIP","HNRNPM_control"
"HNRNPUL1","HNRNPUL1_strand-specific_ENCFF523RZH_ENCFF426AQN_f128_f32_+_peaks.bam",6898016,"ENCFF019BLW_strand-specific_f128_f32_+_peaks.bam",6058664,"HNRNPUL1_eCLIP","HNRNPUL1_control"
"HNRNPU","HNRNPU_strand-specific_ENCFF025YVA_ENCFF197OBL_f128_f32_+_peaks.bam",28918517,"ENCFF188FGR_strand-specific_f128_f32_+_peaks.bam",8691978,"HNRNPU_eCLIP","HNRNPU_control"
"IGF2BP1","IGF2BP1_strand-specific_ENCFF544NQL_ENCFF449VXW_f128_f32_+_peaks.bam",4878798,"ENCFF982JPX_strand-specific_f128_f32_+_peaks.bam",3851008,"IGF2BP1_eCLIP","IGF2BP1_control"
"IGF2BP2","IGF2BP2_strand-specific_ENCFF589JKO_ENCFF904VAH_f128_f32_+_peaks.bam",5352584,"ENCFF819GBX_strand-specific_f128_f32_+_peaks.bam",4302748,"IGF2BP2_eCLIP","IGF2BP2_control"
"ILF3","ILF3_strand-specific_ENCFF098RFI_ENCFF889XJU_f128_f32_+_peaks.bam",13823496,"ENCFF184AQO_strand-specific_f128_f32_+_peaks.bam",11413412,"ILF3_eCLIP","ILF3_control"
"KHDRBS1","KHDRBS1_strand-specific_ENCFF787ROO_ENCFF778POI_f128_f32_+_peaks.bam",20217176,"ENCFF931YGS_strand-specific_f128_f32_+_peaks.bam",9649330,"KHDRBS1_eCLIP","KHDRBS1_control"
"KHSRP","KHSRP_strand-specific_ENCFF698TGL_ENCFF394THC_f128_f32_+_peaks.bam",29231599,"ENCFF405WBU_strand-specific_f128_f32_+_peaks.bam",15918198,"KHSRP_eCLIP","KHSRP_control"
"LARP4","LARP4_strand-specific_ENCFF685FNB_ENCFF773GGY_f128_f32_+_peaks.bam",3569733,"ENCFF848GHI_strand-specific_f128_f32_+_peaks.bam",10546270,"LARP4_eCLIP","LARP4_control"
"LARP7","LARP7_strand-specific_ENCFF863HRM_ENCFF476VSU_f128_f32_+_peaks.bam",1553572,"ENCFF487BLB_strand-specific_f128_f32_+_peaks.bam",7302572,"LARP7_eCLIP","LARP7_control"
"LIN28B","LIN28B_strand-specific_ENCFF068KXE_ENCFF492GWE_f128_f32_+_peaks.bam",5952131,"ENCFF999MGM_strand-specific_f128_f32_+_peaks.bam",3928576,"LIN28B_eCLIP","LIN28B_control"
"LSM11","LSM11_strand-specific_ENCFF938CFK_ENCFF989NBF_f128_f32_+_peaks.bam",5755568,"ENCFF037JOL_strand-specific_f128_f32_+_peaks.bam",11102960,"LSM11_eCLIP","LSM11_control"
"MATR3","MATR3_strand-specific_ENCFF162SAS_ENCFF014KBZ_f128_f32_+_peaks.bam",4538657,"ENCFF691TZE_strand-specific_f128_f32_+_peaks.bam",5176016,"MATR3_eCLIP","MATR3_control"
"MBNL1","MBNL1_strand-specific-reverse_ENCFF452ZSY_ENCFF380QZK_F16_+_peaks.bam",9624734,"ENCFF254JBI_strand-specific-reverse_ENCFF762YKX_strand-specific-reverse_F16_+_peaks.bam",7706783,"MBNL1_eCLIP","MBNL1_control"
"METAP2","METAP2_strand-specific_ENCFF821QWP_ENCFF130LEJ_f128_f32_+_peaks.bam",5115225,"ENCFF222NYJ_strand-specific_f128_f32_+_peaks.bam",8750632,"METAP2_eCLIP","METAP2_control"
"METTL1","METTL1_strand-specific-reverse_ENCFF923EBZ_ENCFF163QHZ_F16_+_peaks.bam",14355218,"ENCFF287AFU_strand-specific-reverse_ENCFF949MNH_strand-specific-reverse_F16_+_peaks.bam",5284528,"METTL1_eCLIP","METTL1_control"
"MORC2","MORC2_strand-specific-reverse_ENCFF695ABL_ENCFF463FPE_F16_+_peaks.bam",8073029,"ENCFF504PCS_strand-specific-reverse_ENCFF982GVP_strand-specific-reverse_F16_+_peaks.bam",11204138,"MORC2_eCLIP","MORC2_control"
"MTPAP","MTPAP_strand-specific_ENCFF732HBQ_ENCFF096BLA_f128_f32_+_peaks.bam",10603841,"ENCFF880NLA_strand-specific_f128_f32_+_peaks.bam",13542622,"MTPAP_eCLIP","MTPAP_control"
"NCBP2","NCBP2_strand-specific_ENCFF913QVA_ENCFF308LKS_f128_f32_+_peaks.bam",2519191,"ENCFF792PAX_strand-specific_f128_f32_+_peaks.bam",5778522,"NCBP2_eCLIP","NCBP2_control"
"NIPBL","NIPBL_strand-specific_ENCFF532OLG_ENCFF400EPM_f128_f32_+_peaks.bam",3294160,"ENCFF396TYB_strand-specific_f128_f32_+_peaks.bam",18326494,"NIPBL_eCLIP","NIPBL_control"
"NOLC1","NOLC1_strand-specific_ENCFF102JHG_ENCFF315OLY_f128_f32_+_peaks.bam",6825127,"ENCFF032GIW_strand-specific_f128_f32_+_peaks.bam",6728878,"NOLC1_eCLIP","NOLC1_control"
"NONO","NONO_strand-specific_ENCFF351ATM_ENCFF888NYK_f128_f32_+_peaks.bam",11991738,"ENCFF701APQ_strand-specific_f128_f32_+_peaks.bam",10486846,"NONO_eCLIP","NONO_control"
"NPM1","NPM1_strand-specific_ENCFF945CYO_ENCFF954XWJ_f128_f32_+_peaks.bam",1129189,"ENCFF062ETM_strand-specific_f128_f32_+_peaks.bam",6494866,"NPM1_eCLIP","NPM1_control"
"NSUN2","NSUN2_strand-specific_ENCFF862LPP_ENCFF790KXQ_f128_f32_+_peaks.bam",5630427,"ENCFF568SAI_strand-specific_f128_f32_+_peaks.bam",10651836,"NSUN2_eCLIP","NSUN2_control"
"PABPC4","PABPC4_strand-specific_ENCFF551NSA_ENCFF692YDC_f128_f32_+_peaks.bam",1738102,"ENCFF011DYO_strand-specific_f128_f32_+_peaks.bam",13943138,"PABPC4_eCLIP","PABPC4_control"
"PCBP1","PCBP1_strand-specific_ENCFF041ETC_ENCFF345TZP_f128_f32_+_peaks.bam",2109585,"ENCFF647AFT_strand-specific_f128_f32_+_peaks.bam",8490442,"PCBP1_eCLIP","PCBP1_control"
"PHF6","PHF6_strand-specific_ENCFF282OCB_ENCFF885ZMH_f128_f32_+_peaks.bam",2207074,"ENCFF278RGL_strand-specific_f128_f32_+_peaks.bam",11259408,"PHF6_eCLIP","PHF6_control"
"PPIL4","PPIL4_strand-specific_ENCFF648KRQ_ENCFF823SYP_f128_f32_+_peaks.bam",11071513,"ENCFF459RGB_strand-specific_f128_f32_+_peaks.bam",5960652,"PPIL4_eCLIP","PPIL4_control"
"PRPF8","PRPF8_strand-specific_ENCFF987VDX_ENCFF558FAR_f128_f32_+_peaks.bam",9620334,"ENCFF947MAG_strand-specific_f128_f32_+_peaks.bam",14317908,"PRPF8_eCLIP","PRPF8_control"
"PTBP1","PTBP1_strand-specific_ENCFF765BPN_ENCFF659RKW_f128_f32_+_peaks.bam",4618903,"ENCFF791AGL_strand-specific_f128_f32_+_peaks.bam",11619642,"PTBP1_eCLIP","PTBP1_control"
"PUM1","PUM1_strand-specific_ENCFF064COB_ENCFF583QFB_f128_f32_+_peaks.bam",4016207,"ENCFF222HEX_strand-specific_f128_f32_+_peaks.bam",6791248,"PUM1_eCLIP","PUM1_control"
"PUM2","PUM2_strand-specific_ENCFF231WHF_ENCFF732EQX_f128_f32_+_peaks.bam",2829543,"ENCFF786ZZB_strand-specific_f128_f32_+_peaks.bam",26662310,"PUM2_eCLIP","PUM2_control"
"PUS1","PUS1_strand-specific_ENCFF824TUZ_ENCFF098UHH_f128_f32_+_peaks.bam",1083126,"ENCFF292NQE_strand-specific_f128_f32_+_peaks.bam",8983332,"PUS1_eCLIP","PUS1_control"
"QKI","QKI_strand-specific_ENCFF698BKX_ENCFF012WMS_f128_f32_+_peaks.bam",2856001,"ENCFF070RME_strand-specific_f128_f32_+_peaks.bam",10448014,"QKI_eCLIP","QKI_control"
"RBFOX2","RBFOX2_strand-specific_ENCFF537RYR_ENCFF296GDR_f128_f32_+_peaks.bam",10944380,"ENCFF212IIR_strand-specific_f128_f32_+_peaks.bam",11108318,"RBFOX2_eCLIP","RBFOX2_control"
"RBM15","RBM15_strand-specific_ENCFF739LLZ_ENCFF086HIT_f128_f32_+_peaks.bam",6598632,"ENCFF697LPT_strand-specific_f128_f32_+_peaks.bam",9421416,"RBM15_eCLIP","RBM15_control"
"RBM22","RBM22_strand-specific_ENCFF045LAO_ENCFF391IBH_f128_f32_+_peaks.bam",2441708,"ENCFF802LNA_strand-specific_f128_f32_+_peaks.bam",4519954,"RBM22_eCLIP","RBM22_control"
"RNF187","RNF187_strand-specific-reverse_ENCFF417CSC_ENCFF450QWZ_F16_+_peaks.bam",8776008,"ENCFF160JIV_strand-specific-reverse_ENCFF725VFW_strand-specific-reverse_F16_+_peaks.bam",4119628,"RNF187_eCLIP","RNF187_control"
"RPS10","RPS10_strand-specific-reverse_ENCFF773AYO_ENCFF838AUI_F16_+_peaks.bam",4861395,"ENCFF009MZM_strand-specific-reverse_ENCFF512KFR_strand-specific-reverse_F16_+_peaks.bam",1878582,"RPS10_eCLIP","RPS10_control"
"RPS11","RPS11_strand-specific_ENCFF646GUE_ENCFF896PKL_f128_f32_+_peaks.bam",1097822,"ENCFF536KJC_strand-specific_f128_f32_+_peaks.bam",6952102,"RPS11_eCLIP","RPS11_control"
"RPS3","RPS3_strand-specific_ENCFF830RMG_ENCFF481DSP_f128_f32_+_peaks.bam",3089216,"ENCFF987HHN_strand-specific_f128_f32_+_peaks.bam",15656306,"RPS3_eCLIP","RPS3_control"
"RPS6","RPS6_strand-specific-reverse_ENCFF414VIJ_ENCFF931MCZ_F16_+_peaks.bam",2451512,"ENCFF411XRF_strand-specific-reverse_ENCFF498DSL_strand-specific-reverse_F16_+_peaks.bam",1593590,"RPS6_eCLIP","RPS6_control"
"RYBP","RYBP_strand-specific-reverse_ENCFF501SLN_ENCFF824YGM_F16_+_peaks.bam",4991325,"ENCFF220MSI_strand-specific-reverse_ENCFF774HTQ_strand-specific-reverse_F16_+_peaks.bam",6010856,"RYBP_eCLIP","RYBP_control"
"SAFB2","SAFB2_strand-specific_ENCFF734RGL_ENCFF402QLV_f128_f32_+_peaks.bam",21073304,"ENCFF842FRH_strand-specific_f128_f32_+_peaks.bam",10515418,"SAFB2_eCLIP","SAFB2_control"
"SAFB","SAFB_strand-specific_ENCFF973VXO_ENCFF722JMT_f128_f32_+_peaks.bam",19714920,"ENCFF963HES_strand-specific_f128_f32_+_peaks.bam",9184618,"SAFB_eCLIP","SAFB_control"
"SBDS","SBDS_strand-specific_ENCFF635ASG_ENCFF281FSP_f128_f32_+_peaks.bam",931908,"ENCFF600AGC_strand-specific_f128_f32_+_peaks.bam",3704804,"SBDS_eCLIP","SBDS_control"
"SDAD1","SDAD1_strand-specific_ENCFF113QBT_ENCFF946AMH_f128_f32_+_peaks.bam",789182,"ENCFF226CUA_strand-specific_f128_f32_+_peaks.bam",7750452,"SDAD1_eCLIP","SDAD1_control"
"SERBP1","SERBP1_strand-specific_ENCFF943MCZ_ENCFF951GRM_f128_f32_+_peaks.bam",193181,"ENCFF166ZIY_strand-specific_f128_f32_+_peaks.bam",7046176,"SERBP1_eCLIP","SERBP1_control"
"SF3B1","SF3B1_strand-specific_ENCFF564ARY_ENCFF959GNA_f128_f32_+_peaks.bam",802829,"ENCFF359HHB_strand-specific_f128_f32_+_peaks.bam",27665450,"SF3B1_eCLIP","SF3B1_control"
"SF3B4","SF3B4_strand-specific_ENCFF095KWC_ENCFF173BOO_f128_f32_+_peaks.bam",5016935,"ENCFF735PKL_strand-specific_f128_f32_+_peaks.bam",12634288,"SF3B4_eCLIP","SF3B4_control"
"SLBP","SLBP_strand-specific_ENCFF511HSJ_ENCFF218ZEI_f128_f32_+_peaks.bam",376945,"ENCFF879UID_strand-specific_f128_f32_+_peaks.bam",2710902,"SLBP_eCLIP","SLBP_control"
"SLTM","SLTM_strand-specific_ENCFF396BVL_ENCFF712SXL_f128_f32_+_peaks.bam",5623732,"ENCFF048VBN_strand-specific_f128_f32_+_peaks.bam",9495928,"SLTM_eCLIP","SLTM_control"
"SMNDC1","SMNDC1_strand-specific_ENCFF253SPF_ENCFF770DEI_f128_f32_+_peaks.bam",7232830,"ENCFF364ZNC_strand-specific_f128_f32_+_peaks.bam",8203516,"SMNDC1_eCLIP","SMNDC1_control"
"SND1","SND1_strand-specific_ENCFF351QXF_ENCFF867TFQ_f128_f32_+_peaks.bam",10970414,"ENCFF438IIB_strand-specific_f128_f32_+_peaks.bam",13686850,"SND1_eCLIP","SND1_control"
"SRSF1","SRSF1_strand-specific-reverse_ENCFF810FCS_ENCFF305QSS_F16_+_peaks.bam",8225285,"ENCFF241WHP_strand-specific-reverse_ENCFF555ISB_strand-specific-reverse_F16_+_peaks.bam",4768555,"SRSF1_eCLIP","SRSF1_control"
"SRSF7","SRSF7_strand-specific_ENCFF149XNS_ENCFF937IVH_f128_f32_+_peaks.bam",3600534,"ENCFF294TTP_strand-specific_f128_f32_+_peaks.bam",2451728,"SRSF7_eCLIP","SRSF7_control"
"SRSF9","SRSF9_strand-specific-reverse_ENCFF870JPN_ENCFF937IDV_F16_+_peaks.bam",2000068,"ENCFF064HSV_strand-specific-reverse_ENCFF619YYW_strand-specific-reverse_F16_+_peaks.bam",2595316,"SRSF9_eCLIP","SRSF9_control"
"SSB","SSB_strand-specific_ENCFF566TDO_ENCFF205JFL_f128_f32_+_peaks.bam",4529264,"ENCFF453TEC_strand-specific_f128_f32_+_peaks.bam",4340996,"SSB_eCLIP","SSB_control"
"SUPV3L1","SUPV3L1_strand-specific_ENCFF496FIX_ENCFF829FDR_f128_f32_+_peaks.bam",537076,"ENCFF781OKE_strand-specific_f128_f32_+_peaks.bam",37398834,"SUPV3L1_eCLIP","SUPV3L1_control"
"TAF15","TAF15_strand-specific_ENCFF501PCN_ENCFF044RGH_f128_f32_+_peaks.bam",9851098,"ENCFF053BXG_strand-specific_f128_f32_+_peaks.bam",9841322,"TAF15_eCLIP","TAF15_control"
"TARDBP","TARDBP_strand-specific-reverse_ENCFF862SNV_ENCFF748KMS_F16_+_peaks.bam",3126807,"ENCFF667EQF_strand-specific-reverse_ENCFF913CBD_strand-specific-reverse_F16_+_peaks.bam",3998331,"TARDBP_eCLIP","TARDBP_control"
"TBRG4","TBRG4_strand-specific_ENCFF259AFA_ENCFF273ZJR_f128_f32_+_peaks.bam",3666583,"ENCFF083OHX_strand-specific_f128_f32_+_peaks.bam",10058850,"TBRG4_eCLIP","TBRG4_control"
"TIA1","TIA1_strand-specific_ENCFF080VML_ENCFF581EBE_f128_f32_+_peaks.bam",16277150,"ENCFF910OEJ_strand-specific_f128_f32_+_peaks.bam",12826934,"TIA1_eCLIP","TIA1_control"
"TRA2A","TRA2A_strand-specific_ENCFF159MVB_ENCFF846XXE_f128_f32_+_peaks.bam",4222426,"ENCFF068LVA_strand-specific_f128_f32_+_peaks.bam",3943252,"TRA2A_eCLIP","TRA2A_control"
"TROVE2","TROVE2_strand-specific_ENCFF294FZI_ENCFF063MVN_f128_f32_+_peaks.bam",7597688,"ENCFF497KTD_strand-specific_f128_f32_+_peaks.bam",17135452,"TROVE2_eCLIP","TROVE2_control"
"U2AF1","U2AF1_strand-specific_ENCFF314SWS_ENCFF132PVT_f128_f32_+_peaks.bam",3599165,"ENCFF948OYU_strand-specific_f128_f32_+_peaks.bam",4410436,"U2AF1_eCLIP","U2AF1_control"
"U2AF2","U2AF2_strand-specific_ENCFF835KXL_ENCFF936JSP_f128_f32_+_peaks.bam",9346575,"ENCFF227TON_strand-specific_f128_f32_+_peaks.bam",3800524,"U2AF2_eCLIP","U2AF2_control"
"UCHL5","UCHL5_strand-specific_ENCFF903GDN_ENCFF952TJF_f128_f32_+_peaks.bam",13498307,"ENCFF156WVL_strand-specific_f128_f32_+_peaks.bam",19900026,"UCHL5_eCLIP","UCHL5_control"
"UPF1","UPF1_strand-specific_ENCFF948AOR_ENCFF701TPG_f128_f32_+_peaks.bam",6777099,"ENCFF429YHX_strand-specific_f128_f32_+_peaks.bam",11813112,"UPF1_eCLIP","UPF1_control"
"UTP18","UTP18_strand-specific_ENCFF211AAW_ENCFF046FNK_f128_f32_+_peaks.bam",1789081,"ENCFF503MUZ_strand-specific_f128_f32_+_peaks.bam",7656078,"UTP18_eCLIP","UTP18_control"
"UTP3","UTP3_strand-specific_ENCFF826UUS_ENCFF612HAQ_f128_f32_+_peaks.bam",525678,"ENCFF090UAF_strand-specific_f128_f32_+_peaks.bam",19602700,"UTP3_eCLIP","UTP3_control"
"WDR3","WDR3_strand-specific_ENCFF416OND_ENCFF372YUO_f128_f32_+_peaks.bam",1350663,"ENCFF978VBW_strand-specific_f128_f32_+_peaks.bam",12400670,"WDR3_eCLIP","WDR3_control"
"WDR43","WDR43_strand-specific_ENCFF580XQC_ENCFF912BRE_f128_f32_+_peaks.bam",1605637,"ENCFF873AEV_strand-specific_f128_f32_+_peaks.bam",12492880,"WDR43_eCLIP","WDR43_control"
"WRN","WRN_strand-specific_ENCFF526BOW_ENCFF945HNC_f128_f32_+_peaks.bam",2251196,"ENCFF068FML_strand-specific_f128_f32_+_peaks.bam",18801516,"WRN_eCLIP","WRN_control"
"XRCC6","XRCC6_strand-specific_ENCFF455DRN_ENCFF337RLS_f128_f32_+_peaks.bam",6255117,"ENCFF984WTC_strand-specific_f128_f32_+_peaks.bam",19641028,"XRCC6_eCLIP","XRCC6_control"
"XRN2","XRN2_strand-specific_ENCFF794JUI_ENCFF862IYK_f128_f32_+_peaks.bam",4609587,"ENCFF768FYM_strand-specific_f128_f32_+_peaks.bam",7216824,"XRN2_eCLIP","XRN2_control"
"YBX3","YBX3_strand-specific_ENCFF184OIG_ENCFF279AVU_f128_f32_+_peaks.bam",18391932,"ENCFF409LAD_strand-specific_f128_f32_+_peaks.bam",9778914,"YBX3_eCLIP","YBX3_control"
"YWHAG","YWHAG_strand-specific_ENCFF186FHG_ENCFF052ORJ_f128_f32_+_peaks.bam",4251090,"ENCFF114ELO_strand-specific_f128_f32_+_peaks.bam",4430618,"YWHAG_eCLIP","YWHAG_control"
"ZC3H11A","ZC3H11A_strand-specific_ENCFF709BYW_ENCFF715RSI_f128_f32_+_peaks.bam",3043936,"ENCFF610DOP_strand-specific_f128_f32_+_peaks.bam",11390940,"ZC3H11A_eCLIP","ZC3H11A_control"
"ZC3H8","ZC3H8_strand-specific_ENCFF409GUM_ENCFF892SVF_f128_f32_+_peaks.bam",1092186,"ENCFF661LGO_strand-specific_f128_f32_+_peaks.bam",1941826,"ZC3H8_eCLIP","ZC3H8_control"
"ZNF622","ZNF622_strand-specific_ENCFF259ZHT_ENCFF934JXI_f128_f32_+_peaks.bam",11663118,"ENCFF091KVP_strand-specific_f128_f32_+_peaks.bam",16577674,"ZNF622_eCLIP","ZNF622_control"
"ZNF800","ZNF800_strand-specific_ENCFF693MLV_ENCFF420ZEI_f128_f32_+_peaks.bam",2885194,"ENCFF609LFM_strand-specific_f128_f32_+_peaks.bam",8241012,"ZNF800_eCLIP","ZNF800_control"
"ZRANB2","ZRANB2_strand-specific_ENCFF348UPB_ENCFF588XPN_f128_f32_+_peaks.bam",1718163,"ENCFF824LSN_strand-specific_f128_f32_+_peaks.bam",8013330,"ZRANB2_eCLIP","ZRANB2_control"
